{
  "lagswitchactivate": {
    "sounds": ["custom/LagSwitchActivate"]
  },
  "bassexplosion": {
    "sounds": ["custom/BassExplosion"]
  },
  "blink": {
    "sounds": ["custom/Blink"]
  },
  "railguncharge": {
    "sounds": ["custom/RailgunCharge"]
  },
  "railgunshot": {
    "sounds": ["custom/RailgunShot"]
  },
  "lagswitchend": {
    "sounds": ["custom/LagSwitchEnd"]
  },
  "heavypunch": {
    "sounds": ["custom/HeavyPunch"]
  },
  "timeskipmono": {
    "sounds": ["custom/TimeSkipMono"]
  },
  "punchpull": {
    "sounds": ["custom/PunchPullMono"]
  },
  "timeskipstereo": {
    "sounds": ["custom/TimeSkipStereo"]
  },
  "countermeasureenemypovmono": {
    "sounds": ["custom/CountermeasureEnemypovMono"]
  },
  "countermeasurestereo": {
    "sounds": ["custom/CountermeasureStereo"]
  },
  "foresightstereo": {
    "sounds": ["custom/ForesightStereo"]
  },
  "epitaphlonghissmono": {
    "sounds": ["custom/EpitaphLongHissMono"]
  },
  "epitaphlonghissstereo": {
    "sounds": ["custom/EpitaphLongHissStereo"]
  },
  "epitaphshorthissmono": {
    "sounds": ["custom/EpitaphShortHissMono"]
  },
  "epitaphshorthissstereo": {
    "sounds": ["custom/EpitaphShortHissStereo"]
  },
  "warperinstantteleportmono": {
    "sounds": ["custom/WarperInstantTeleportMono"]
  },
  "warperinstantteleportstereo": {
    "sounds": ["custom/WarperInstantTeleportStereo"]
  },
  "warperrealityshiftentermono": {
    "sounds": ["custom/WarperRealityShiftEnterMono"]
  },
  "warperrealityshiftenterstereo": {
    "sounds": ["custom/WarperRealityShiftEnterStereo"]
  },
  "warperrealityshiftexitmono": {
    "sounds": ["custom/WarperRealityShiftExitMono"]
  },
  "warperrealityshiftexitstereo": {
    "sounds": ["custom/WarperRealityShiftExitStereo"]
  },
  "warperrealityshiftfullstereo": {
    "sounds": ["custom/WarperRealityShiftFullStereo"]
  },
  "warperteleportmono": {
    "sounds": ["custom/WarperTeleportMono"]
  },
  "warperteleportstereo": {
    "sounds": ["custom/WarperTeleportStereo"]
  },
  "warperteleportselectstereo": {
    "sounds": ["custom/WarperTeleportSelectStereo"]
  },
  "wreckerearthrippermono": {
    "sounds": ["custom/WreckerEarthripperMono"]
  },
  "wreckerearthripperstereo": {
    "sounds": ["custom/WreckerEarthripperStereo"]
  },
  "wreckerselectstereo": {
    "sounds": ["custom/WreckerSelectStereo"]
  },
  "warperteleportcancelstereo": {
    "sounds": ["custom/WarperTeleportCancelStereo"]
  },
  "bassimpactstereo": {
    "sounds": ["custom/BassImpactStereo"]
  },
  "bassimpactmono": {
    "sounds": ["custom/BassImpactMono"]
  },
  "wreckerblockbreak": {
    "sounds": ["custom/WreckerBlockBreak"]
  },
  "wreckerblockbreak2": {
    "sounds": ["custom/WreckerBlockBreak2"]
  },
  "wreckerblockbreak3": {
    "sounds": ["custom/WreckerBlockBreak3"]
  },
  "wreckerblockbreak4": {
    "sounds": ["custom/WreckerBlockBreak4"]
  },
  "wreckerimpactbeepingmono": {
    "sounds": ["custom/WreckerImpactBeepingMono"]
  },
  "wreckerimpactmono": {
    "sounds": ["custom/WreckerImpactMono"]
  },
  "wreckerimpactstereo": {
    "sounds": ["custom/WreckerImpactStereo"]
  },
  "wreckerimpactwarningbeepingstereo": {
    "sounds": ["custom/WreckerImpactWarningBeepingStereo"]
  },
  "wreckerimpactwarningmono": {
    "sounds": ["custom/WreckerImpactWarningMono"]
  },
  "wreckerimpactwarningnobeepingstereo": {
    "sounds": ["custom/WreckerImpactWarningNoBeepingStereo"]
  },
  "wreckerimpactwarningstereo": {
    "sounds": ["custom/WreckerImpactWarningStereo"]
  },
  "wreckerultinairimono": {
    "sounds": ["custom/WreckerUltInAirMono"]
  },
  "wreckerultusenonuser": {
    "sounds": ["custom/WreckerUltUseNonUser"]
  },
  "wreckerultusenonusermono": {
    "sounds": ["custom/WreckerUltUseNonUserMono"]
  },
  "wreckerultusestereo": {
    "sounds": ["custom/WreckerUltUseStereo"]
  },
  "driftenergywoosh2": {
    "sounds": ["custom/DriftEnergyWoosh2"]
  },
  "driftenergywoosh3": {
    "sounds": ["custom/DriftEnergyWoosh3"]
  },
  "driftenergywoosh4": {
    "sounds": ["custom/DriftEnergyWoosh4"]
  },
  "driftenergywoosh5": {
    "sounds": ["custom/DriftEnergyWoosh5"]
  },
  "driftenergywoosh6": {
    "sounds": ["custom/DriftEnergyWoosh6"]
  },
  "driftenergywooshmono": {
    "sounds": ["custom/DrifterEnergyWooshMono"]
  },
  "driftenergywooshstereo": {
    "sounds": ["custom/DrifterEnergyWooshStereo"]
  }
  ,"driftappear015mono": {
    "sounds": ["custom/DriftAppear015Mono"]
  },
  "driftappear015stereo": {
    "sounds": ["custom/DriftAppear015Stereo"]
  },
  "driftdisappearmono": {
    "sounds": ["custom/DriftDisapearMono"]
  },
  "driftdisappearstereo": {
    "sounds": ["custom/DriftDisapearStereo"]
  },
  "driftgroan": {
    "sounds": ["custom/DriftGroan"]
  },
  "earthripperselectstereo": {
    "sounds": ["custom/EarthripperSelectStereo"]
  },
  "drifterultimatechargeupmono": {
    "sounds": ["custom/DrifterUltimateChargeupMono"]
  },
  "drifterultimateendelectricarcmono": {
    "sounds": ["custom/DrifterUltimateEndElectricArcMono"]
  },
  "drifterultimatefullstereo": {
    "sounds": ["custom/DrifterUltimateFullStereo"]
  },
  "drifterultimpact2mono": {
    "sounds": ["custom/DrifterUltImpact2Mono"]
  },
  "drifterultstartelectricarcmono": {
    "sounds": ["custom/DrifterUltStartElectricArcMono"]
  },
  "drifterultstartimpact1mono": {
    "sounds": ["custom/DrifterUltStartImpact1Mono"]
  },
  "drifterultstartimpact2mono": {
    "sounds": ["custom/DrifterUltStartImpact2Mono"]
  },
  "sailorbubblepop": {
    "sounds": ["custom/SailorBubblePop"]
  },
  "sailorbubbleselffull": {
    "sounds": ["custom/SailorBubbleSelfFull"]
  },
  "sailorbubbleshoot": {
    "sounds": ["custom/SailorBubbleShoot"]
  },
  "sailorbubblespawn": {
    "sounds": ["custom/SailorBubbleSpawn"]
  },
  "sailorbubblewoosh": {
    "sounds": ["custom/SailorBubbleWoosh"]
  },
  "sailorimpactsweetener": {
    "sounds": ["custom/SailorImpactSweetener"]
  },
  "sailorshipbell": {
    "sounds": ["custom/SailorShipBell"]
  },
  "sailorshipbellreverse": {
    "sounds": ["custom/SailorShipBellReverse"]
  },
  "sailorshootcharge": {
    "sounds": ["custom/SailorShootCharge"]
  },
  "sailorultcharge": {
    "sounds": ["custom/SailorUltCharge"]
  },
  "sailorulthit": {
    "sounds": ["custom/SailorUltHit"]
  },
  "sailorultprepare": {
    "sounds": ["custom/SailorUltPrepare"]
  },
  "sailorultshot": {
    "sounds": ["custom/SailorUltShot"]
  },
  "sailorultshotrumble": {
    "sounds": ["custom/SailorUltShotRumble"]
  },
  "uielimination": {
    "sounds": ["custom/UIelimination"]
  }
}
